{"stats":{"minecraft:dropped":{"minecraft:warped_stem":1},"minecraft:mined":{"minecraft:weeping_vines":1,"minecraft:nether_wart_block":83},"minecraft:picked_up":{"minecraft:white_banner":8,"minecraft:stick":1,"minecraft:stone":1,"minecolonies:blockhutlumberjack":1,"minecraft:weeping_vines":21,"minecraft:rotten_flesh":1,"minecraft:torch":2,"minecraft:warped_stem":1,"minecraft:crimson_fungus":13,"minecraft:poppy":4,"minecraft:nether_wart_block":69,"minecraft:light_gray_carpet":6,"minecraft:obsidian":1,"minecraft:rail":2},"minecraft:used":{"minecraft:wooden_hoe":17,"minecraft:warped_stem":5,"minecraft:crimson_fungus":9,"minecraft:anvil":1,"minecraft:warped_fungus":9,"minecraft:flint_and_steel":1,"minecraft:light_gray_carpet":2,"minecraft:warped_nylium":11,"minecraft:netherite_hoe":62,"minecraft:stone":17,"minecraft:bone_meal":107,"minecraft:obsidian":13,"minecraft:crimson_nylium":3},"minecraft:custom":{"minecraft:time_since_rest":182111,"minecraft:play_one_minute":191119,"minecraft:crouch_one_cm":35,"minecraft:sprint_one_cm":80288,"minecraft:walk_one_cm":195983,"minecraft:sneak_time":292,"minecraft:interact_with_anvil":2,"minecraft:drop":1,"minecraft:jump":350,"minecraft:leave_game":44,"minecraft:time_since_death":191119,"minecraft:walk_on_water_one_cm":2325,"minecraft:sleep_in_bed":1,"minecraft:climb_one_cm":1322,"minecraft:fly_one_cm":119315}},"DataVersion":2584}