{
  "minecolonies:minecolonies/place_townhall": {
    "criteria": {
      "build_tool_place_town_hall": "2020-12-08 16:11:44 +0100"
    },
    "done": true
  },
  "minecraft:recipes/misc/yellow_dye_from_dandelion": {
    "criteria": {
      "has_yellow_flower": "2020-12-08 16:12:13 +0100"
    },
    "done": true
  },
  "minecraft:adventure/adventuring_time": {
    "criteria": {
      "minecraft:snowy_tundra": "2020-12-08 16:10:35 +0100",
      "minecraft:snowy_beach": "2020-12-08 16:10:36 +0100",
      "minecraft:deep_lukewarm_ocean": "2020-12-08 16:10:19 +0100",
      "minecraft:beach": "2020-12-08 16:10:05 +0100",
      "minecraft:lukewarm_ocean": "2020-12-08 16:10:22 +0100",
      "minecraft:plains": "2020-12-08 16:06:43 +0100"
    },
    "done": false
  },
  "minecraft:recipes/misc/red_dye_from_poppy": {
    "criteria": {
      "has_red_flower": "2020-12-08 16:14:34 +0100"
    },
    "done": true
  },
  "DataVersion": 2230
}